id,factory_id,date,product1,product2,product3
1,1,2/9/2022,9866,4489,56
2,2,28/12/2022,6853,3255,96
3,1,10/10/2022,7125,4091,19
4,1,31/3/2022,2702,1170,97
5,1,5/10/2022,8152,3654,87
6,1,19/8/2022,8756,3060,3
7,1,18/12/2022,4273,3884,80
8,2,5/1/2022,6512,1569,81
9,2,22/8/2022,2223,3166,82
10,1,12/4/2022,1037,770,96
11,1,,,,45
12,2,13/2/2022,2270,1181,36
13,2,23/12/2022,6819,3596,81
14,1,15/8/2022,2420,4669,6
15,2,18/2/2022,4533,512,4
16,1,16/1/2022,9594,3737,77
17,2,10/6/2022,1187,3725,1
18,1,1/9/2022,5439,1581,46
19,2,19/11/2022,1107,1499,29
20,2,28/8/2022,3782,1206,75
21,2,21/7/2022,1562,3971,32
22,1,16/7/2022,6284,4598,54
23,2,17/12/2022,4283,4204,58
24,1,20/5/2022,6665,4933,68
25,2,6/5/2022,2270,2586,26
26,2,24/12/2022,8680,4308,19
27,1,8/5/2022,2897,2481,4
28,2,23/9/2022,8259,1102,60
29,1,23/9/2022,2984,4778,100
30,2,5/10/2022,9181,4417,91
31,1,,,,37
32,2,15/1/2022,9736,1035,4
33,2,28/10/2022,6865,2624,2
34,1,31/7/2022,3212,4137,93
35,1,12/2/2022,1586,4282,32
36,2,26/4/2022,3817,4227,68
37,2,12/2/2022,6161,2160,23
38,1,14/1/2022,2715,674,18
39,1,,,,20
40,1,9/6/2022,2754,3979,26
41,1,23/7/2022,1433,1152,40
42,2,17/10/2022,9186,3526,54
43,1,8/5/2022,4628,2914,40
44,2,24/3/2022,1186,767,39
45,2,20/7/2022,1233,1209,81
46,2,11/5/2022,8696,3091,76
47,1,8/5/2022,9494,1999,9
48,1,20/9/2022,3192,914,10
49,1,,,,88
50,1,21/12/2022,6818,4167,84
51,2,20/9/2022,4455,2558,79
52,2,2/4/2022,4362,1322,99
53,2,20/6/2022,4632,624,16
54,1,25/8/2022,7675,1202,6
55,2,14/7/2022,6943,3828,71
56,1,15/2/2022,5063,2517,42
57,2,29/5/2022,5381,853,61
58,2,22/12/2022,5848,3435,66
59,2,3/2/2022,1433,3763,81
60,1,19/10/2022,5713,2167,60
61,2,26/2/2022,6060,1216,69
62,2,16/9/2022,2231,1573,90
63,1,3/4/2022,4012,1072,27
64,2,27/7/2022,4994,579,28
65,1,26/6/2022,9423,1938,23
66,1,11/9/2022,1370,1319,91
67,1,28/11/2022,8132,2761,9
68,2,8/1/2022,5336,2381,50
69,2,2/2/2022,8521,2064,82
70,1,30/5/2022,1753,557,23
71,1,17/10/2022,6831,1506,23
72,2,26/6/2022,6836,4851,91
73,1,22/7/2022,1647,3768,21
74,2,2/5/2022,4243,3044,31
75,1,13/1/2022,8775,2866,83
76,2,25/6/2022,6177,781,88
77,1,24/4/2022,9239,4046,68
78,2,29/9/2022,1671,2598,73
79,2,31/1/2022,6707,3042,47
80,1,4/4/2022,4801,2420,47
81,1,7/4/2022,3932,1844,61
82,2,5/1/2022,5765,1830,58
83,1,15/6/2022,8062,4368,86
84,2,26/10/2022,9764,3259,82
85,2,13/11/2022,6596,4839,44
86,2,28/12/2022,2704,2107,22
87,1,1/9/2022,6158,2231,36
88,2,20/4/2022,7734,4120,11
89,2,1/2/2022,8411,4981,20
90,2,27/9/2022,3912,2679,39
91,1,11/5/2022,4986,2046,27
92,1,7/8/2022,7885,1932,46
93,1,2/4/2022,2535,4876,41
94,1,10/3/2022,1932,4234,42
95,1,,,,68
96,1,20/5/2022,9470,4346,1
97,2,4/7/2022,1525,547,14
98,2,7/9/2022,1597,3704,87
99,1,23/4/2022,8108,4323,88
100,1,20/10/2022,2685,4038,81
101,1,13/10/2022,6259,3567,50
102,1,14/8/2022,3036,712,1
103,2,10/11/2022,7002,2436,12
104,2,7/7/2022,4419,3834,42
105,2,7/7/2022,9635,2503,63
106,2,14/6/2022,9099,1925,85
107,1,12/2/2022,1107,2406,57
108,1,,,,17
109,1,8/9/2022,9527,2754,33
110,1,5/5/2022,2574,1332,58
111,1,,,,49
112,2,8/2/2022,1865,4800,69
113,2,1/9/2022,6199,2687,26
114,2,18/5/2022,2052,4037,70
115,1,29/3/2022,4177,2237,23
116,1,29/6/2022,4879,2990,74
117,2,10/10/2022,7521,2871,49
118,2,15/2/2022,9226,3014,51
119,1,26/5/2022,4711,1628,44
120,2,25/9/2022,3683,2321,37
121,1,5/3/2022,3326,973,97
122,2,12/10/2022,2966,1803,8
123,1,8/1/2022,3413,3515,67
124,1,25/6/2022,5117,2334,27
125,2,15/10/2022,2943,914,31
126,1,,,,28
127,2,1/10/2022,6281,1371,90
128,1,20/4/2022,9159,991,51
129,1,30/6/2022,5197,3538,32
130,2,5/3/2022,3419,4019,52
131,2,31/5/2022,8575,2727,36
132,2,,,,31
133,1,8/6/2022,7760,3210,9
134,2,13/11/2022,8200,3499,88
135,2,,,,45
136,1,5/10/2022,8479,1551,29
137,2,,,,98
138,2,6/6/2022,3355,4539,84
139,2,22/8/2022,7185,3711,41
140,1,22/12/2022,2451,4989,99
141,1,16/2/2022,1750,3371,28
142,2,19/8/2022,3329,2656,15
143,2,28/7/2022,4014,4373,18
144,2,,,,50
145,1,11/7/2022,6948,622,77
146,2,27/8/2022,6389,2265,39
147,1,5/6/2022,4954,1565,5
148,1,27/6/2022,7307,4304,90
149,2,10/3/2022,5081,3140,20
150,1,22/9/2022,3324,1610,44
151,2,3/11/2022,8343,2304,99
152,2,2/7/2022,1296,4925,51
153,2,1/12/2022,4147,1817,100
154,2,1/7/2022,7012,3808,77
155,2,9/6/2022,5689,1448,96
156,1,7/12/2022,2746,839,44
157,2,2/6/2022,5815,3231,52
158,1,14/7/2022,7218,2199,90
159,1,20/8/2022,5330,4567,67
160,1,31/3/2022,7511,4702,73
161,2,1/10/2022,2932,3796,33
162,1,26/2/2022,4372,771,84
163,2,9/11/2022,1046,3524,19
164,1,22/6/2022,3424,617,9
165,1,14/1/2022,9974,4452,91
166,2,14/10/2022,4688,986,68
167,1,26/2/2022,3417,3510,67
168,2,17/8/2022,2037,4254,91
169,2,20/12/2022,4888,4584,42
170,1,,,,7
171,2,21/6/2022,4134,2298,94
172,1,1/6/2022,4035,3410,43
173,1,21/8/2022,4448,1660,16
174,1,19/8/2022,2163,3946,15
175,1,5/3/2022,6685,3409,52
176,1,11/8/2022,3923,1663,4
177,2,23/7/2022,5010,1467,38
178,1,,,,63
179,1,5/6/2022,2042,3737,23
180,2,7/2/2022,4791,4621,15
181,2,12/5/2022,4490,1715,50
182,2,13/3/2022,3819,1069,67
183,1,23/7/2022,9897,2001,1
184,1,23/4/2022,6350,1933,16
185,2,5/1/2022,9596,2394,57
186,1,7/12/2022,4438,4180,52
187,1,4/11/2022,8229,696,42
188,1,8/4/2022,4608,1658,40
189,1,30/1/2022,3239,1172,35
190,2,4/4/2022,7820,4091,98
191,2,2/4/2022,4227,603,33
192,2,10/1/2022,3498,2974,65
193,1,29/9/2022,5878,1258,75
194,1,1/12/2022,7609,3902,99
195,2,31/5/2022,8947,2683,48
196,1,18/5/2022,9237,1250,48
197,1,22/4/2022,3638,2827,33
198,2,9/2/2022,5775,1706,99
199,1,15/12/2022,3673,4066,52
200,2,19/4/2022,8079,4627,46
201,1,2/8/2022,5990,1634,29
202,2,27/9/2022,8534,713,90
203,2,24/4/2022,2046,1054,79
204,2,13/12/2022,7859,947,87
205,2,12/10/2022,6026,2104,18
206,1,8/7/2022,8636,2792,34
207,2,26/4/2022,7294,3003,23
208,2,9/3/2022,1040,836,78
209,2,23/4/2022,2577,4068,72
210,2,7/7/2022,5402,1042,24
211,1,20/12/2022,3685,4130,96
212,2,14/7/2022,2019,4927,7
213,1,14/12/2022,5202,2320,69
214,1,28/11/2022,8225,3905,9
215,1,27/2/2022,9819,1134,73
216,2,,,,14
217,1,13/11/2022,6476,3394,20
218,2,13/6/2022,4075,2910,28
219,1,,,,40
220,2,23/6/2022,4648,4376,57
221,1,2/1/2022,6513,1432,74
222,2,30/5/2022,4729,636,91
223,2,30/12/2022,1036,2353,95
224,1,15/2/2022,3196,4243,100
225,1,,,,3
226,1,10/5/2022,6918,3208,74
227,2,8/3/2022,2368,725,58
228,1,21/1/2022,5001,3299,76
229,1,11/4/2022,7882,3266,44
230,2,13/7/2022,6000,3488,89
231,2,,,,9
232,2,4/8/2022,9860,3953,81
233,2,27/2/2022,6706,3133,85
234,2,4/6/2022,1852,3237,48
235,1,11/10/2022,5936,4659,97
236,2,27/3/2022,3574,3013,85
237,1,16/9/2022,2966,4295,44
238,2,28/3/2022,5671,4362,60
239,1,30/7/2022,9624,3789,14
240,1,10/9/2022,6593,2341,61
241,2,25/1/2022,6764,2044,94
242,1,19/10/2022,5222,3731,76
243,1,1/12/2022,1175,978,12
244,1,25/4/2022,3712,1550,46
245,2,17/2/2022,7184,3689,39
246,2,,,,72
247,2,22/4/2022,6254,4916,67
248,1,20/12/2022,3871,3872,20
249,2,3/3/2022,4655,2897,41
250,2,15/11/2022,5448,1703,96
251,1,25/3/2022,6700,3507,17
252,1,7/12/2022,7482,667,92
253,2,9/8/2022,6963,2086,36
254,1,11/1/2022,8932,2150,98
255,1,21/2/2022,3482,2341,69
256,2,25/9/2022,5125,1591,25
257,2,21/10/2022,2009,2104,92
258,2,3/6/2022,9153,1721,36
259,1,9/10/2022,6787,1776,28
260,2,1/5/2022,3964,2535,39
261,2,3/1/2022,6009,2159,48
262,1,4/7/2022,3591,2380,25
263,2,9/3/2022,1496,3943,72
264,2,2/7/2022,9791,2333,34
265,2,11/5/2022,3138,1487,48
266,1,2/4/2022,8143,4105,13
267,2,27/7/2022,8876,3771,93
268,1,8/1/2022,6528,4576,73
269,2,3/10/2022,9472,4974,6
270,2,26/9/2022,5983,2815,62
271,2,7/1/2022,8431,2984,7
272,1,29/1/2022,3352,2380,77
273,1,12/7/2022,3474,1551,7
274,2,,,,66
275,1,12/5/2022,2303,3980,47
276,1,28/11/2022,5184,2682,23
277,2,21/7/2022,1839,1287,26
278,2,27/4/2022,1766,3823,77
279,1,15/11/2022,7799,1544,41
280,2,19/5/2022,9369,2325,84
281,1,25/8/2022,4780,2440,99
282,1,20/3/2022,4329,2330,38
283,2,22/3/2022,4774,4191,89
284,1,16/4/2022,1462,1745,46
285,2,21/9/2022,5424,1861,66
286,2,8/12/2022,5178,2833,24
287,2,30/6/2022,6968,1904,49
288,1,6/6/2022,3607,1429,10
289,1,10/11/2022,8078,1065,64
290,1,7/11/2022,4648,4884,82
291,1,10/12/2022,5277,1784,58
292,1,25/2/2022,5483,3238,25
293,1,9/4/2022,8626,1118,22
294,1,28/4/2022,2484,1856,89
295,1,13/12/2022,7803,2797,9
296,1,30/11/2022,6938,3070,14
297,1,8/11/2022,7539,1230,90
298,2,13/2/2022,3386,3264,91
299,1,30/7/2022,5272,1343,47
300,2,30/11/2022,4795,4883,23
301,2,26/10/2022,6745,1255,55
302,1,,,,97
303,1,6/6/2022,1154,3435,4
304,2,6/1/2022,9194,2065,25
305,2,28/12/2022,2888,3407,80
306,1,8/7/2022,6351,844,42
307,2,5/8/2022,9169,2736,29
308,1,18/3/2022,3496,4000,62
309,2,1/3/2022,1644,1062,15
310,1,2/11/2022,2573,3327,41
311,1,22/3/2022,3046,2316,32
312,2,19/1/2022,5092,2038,40
313,1,10/2/2022,4360,1469,63
314,1,17/10/2022,8157,2694,37
315,1,31/8/2022,6621,3724,24
316,2,5/5/2022,3840,3897,96
317,2,6/2/2022,5339,1474,89
318,2,30/7/2022,3593,1461,30
319,1,21/4/2022,6989,1614,4
320,2,15/6/2022,9927,4391,24
321,1,2/11/2022,1179,968,93
322,1,29/1/2022,2605,2339,21
323,1,23/9/2022,7198,3810,38
324,1,22/8/2022,2930,2918,51
325,1,22/8/2022,6890,4141,77
326,2,13/7/2022,8542,4481,11
327,1,9/4/2022,7530,2905,12
328,1,14/4/2022,7854,4437,19
329,1,6/12/2022,2904,1326,20
330,1,5/12/2022,4034,2756,71
331,1,18/1/2022,9333,2741,61
332,1,30/10/2022,4726,4971,76
333,1,10/5/2022,6436,4037,15
334,2,11/2/2022,2732,4811,50
335,2,25/11/2022,2234,612,80
336,2,16/10/2022,5230,896,15
337,1,8/11/2022,3809,4102,21
338,2,20/11/2022,9592,1563,74
339,2,20/4/2022,2227,2067,79
340,2,5/10/2022,9547,967,5
341,1,24/1/2022,6362,1917,4
342,2,7/6/2022,6025,667,80
343,2,13/4/2022,3123,1966,20
344,2,19/11/2022,9378,2316,31
345,1,30/10/2022,7361,2263,25
346,1,17/4/2022,2151,3742,12
347,2,26/3/2022,1397,4981,29
348,1,2/4/2022,8888,2384,41
349,1,4/2/2022,8137,2669,38
350,1,19/9/2022,9977,1388,49
351,2,26/8/2022,2358,2010,82
352,1,12/3/2022,1457,1256,42
353,1,12/11/2022,8617,2366,41
354,1,20/1/2022,7638,3196,51
355,1,19/7/2022,9459,1377,86
356,1,21/3/2022,9810,3563,97
357,2,4/5/2022,9677,1535,81
358,1,1/7/2022,7523,4887,88
359,1,18/8/2022,6085,4401,78
360,1,8/4/2022,5615,2329,21
361,1,16/12/2022,3981,1533,25
362,2,10/6/2022,6779,3591,44
363,2,,,,90
364,2,15/7/2022,1747,2080,56
365,1,10/3/2022,6446,4431,67
366,2,,,,93
367,2,26/5/2022,1742,3287,92
368,2,24/8/2022,7798,3833,79
369,2,30/12/2022,9206,2277,7
370,2,17/5/2022,6159,996,56
371,1,28/12/2022,2056,2603,21
372,2,12/12/2022,6284,2773,63
373,1,25/1/2022,5583,649,63
374,1,13/7/2022,2298,570,100
375,2,7/12/2022,4556,3056,21
376,1,14/9/2022,2260,1991,80
377,1,22/3/2022,9687,4158,31
378,1,3/4/2022,6668,1890,47
379,2,17/3/2022,1817,4442,60
380,1,7/4/2022,8833,4297,51
381,2,,,,5
382,2,11/11/2022,3943,3160,88
383,2,29/6/2022,5413,1328,49
384,2,30/10/2022,1403,3949,71
385,1,,,,77
386,2,20/5/2022,9732,4287,58
387,2,14/12/2022,8134,4915,23
388,1,4/10/2022,3814,2049,29
389,1,21/7/2022,7410,3528,71
390,1,5/10/2022,2953,1785,69
391,1,21/2/2022,1809,2873,79
392,1,15/12/2022,5381,3918,41
393,2,3/9/2022,3501,4333,51
394,1,,,,50
395,2,7/6/2022,4064,1369,55
396,2,28/7/2022,3024,1326,64
397,1,22/9/2022,6853,2642,47
398,2,11/3/2022,5727,1676,47
399,1,,,,37
400,1,16/11/2022,4648,1509,29
401,1,12/3/2022,5521,1032,15
402,1,,,,57
403,2,18/12/2022,7190,4227,63
404,2,31/3/2022,4657,2502,46
405,2,17/9/2022,3188,2376,99
406,1,5/3/2022,9599,4216,83
407,1,18/10/2022,7583,3374,64
408,1,29/7/2022,4045,1396,89
409,1,,,,94
410,2,,,,17
411,1,13/3/2022,8774,2621,45
412,2,2/8/2022,8778,3994,42
413,2,15/12/2022,9710,1370,69
414,1,11/1/2022,8663,592,84
415,2,1/7/2022,2709,3251,13
416,2,3/6/2022,9336,3679,38
417,1,25/8/2022,4334,1014,98
418,1,4/12/2022,6386,1829,97
419,1,21/12/2022,2937,1805,47
420,1,6/4/2022,9610,3990,58
421,1,15/9/2022,4485,1244,70
422,2,27/9/2022,3399,1204,70
423,1,24/10/2022,2894,2044,86
424,1,20/11/2022,1901,1383,17
425,2,3/9/2022,3809,4909,53
426,2,9/10/2022,8836,3256,89
427,2,22/8/2022,6272,1401,9
428,1,22/3/2022,8277,2902,69
429,2,8/6/2022,5667,4670,1
430,2,24/3/2022,3481,2201,53
431,1,15/3/2022,2528,906,100
432,2,2/7/2022,4163,3153,64
433,2,9/1/2022,1699,2569,100
434,1,25/2/2022,5999,4532,54
435,2,20/8/2022,8191,2847,99
436,1,6/9/2022,9961,889,77
437,1,27/1/2022,5341,793,29
438,2,29/7/2022,8556,2150,91
439,2,6/11/2022,5130,4253,91
440,2,4/2/2022,4065,700,42
441,2,28/10/2022,3911,4323,21
442,2,19/2/2022,7342,2808,70
443,1,11/9/2022,6253,4476,48
444,1,19/11/2022,3255,2231,47
445,2,1/6/2022,2051,2206,2
446,2,9/1/2022,2560,1240,53
447,1,26/7/2022,8061,3140,30
448,1,18/11/2022,4320,3807,83
449,2,17/11/2022,8113,4879,94
450,1,16/9/2022,8805,2719,85
451,2,5/12/2022,5145,2280,16
452,2,30/4/2022,8594,1545,4
453,1,6/4/2022,7227,1623,18
454,1,6/4/2022,2969,3923,76
455,2,7/2/2022,5648,876,79
456,1,23/3/2022,6654,2552,21
457,2,15/7/2022,1048,4041,13
458,2,6/2/2022,2444,1569,96
459,2,6/4/2022,5123,1668,34
460,2,28/10/2022,9321,4444,37
461,2,25/5/2022,5317,2824,64
462,2,18/2/2022,7845,2663,40
463,1,15/7/2022,3799,2211,48
464,2,31/5/2022,5607,4751,42
465,2,23/5/2022,1693,4093,52
466,2,29/8/2022,5208,2656,83
467,2,19/5/2022,4502,4121,48
468,2,15/9/2022,4697,1381,34
469,1,29/6/2022,6418,2459,42
470,2,18/4/2022,6333,1405,76
471,2,3/12/2022,7788,4160,82
472,1,5/10/2022,1249,608,38
473,2,24/5/2022,3717,1315,84
474,1,23/4/2022,2677,4836,24
475,1,26/7/2022,1407,3831,83
476,1,25/11/2022,1049,3424,71
477,2,14/3/2022,2806,1631,81
478,1,13/11/2022,4358,1168,53
479,2,24/10/2022,1216,4290,63
480,1,11/8/2022,9809,2349,99
481,2,25/6/2022,6828,1254,32
482,2,4/6/2022,1380,4490,8
483,1,27/11/2022,6229,4386,80
484,2,23/12/2022,3992,2500,3
485,2,18/9/2022,6561,2993,100
486,2,10/5/2022,8910,2266,18
487,1,6/11/2022,5316,2930,96
488,1,26/11/2022,3020,2071,9
489,1,18/11/2022,8357,3448,16
490,1,12/11/2022,5362,4933,34
491,1,31/5/2022,8745,4876,24
492,1,15/5/2022,6555,3629,78
493,1,9/10/2022,7273,1913,48
494,2,26/11/2022,4257,1664,73
495,1,31/5/2022,1588,968,36
496,1,1/1/2022,4243,3624,61
497,1,17/3/2022,3289,4034,21
498,1,13/6/2022,8239,4368,17
499,1,3/10/2022,8352,1809,100
500,2,19/5/2022,1171,2543,58
501,2,,,,47
502,2,17/9/2022,7713,2171,61
503,1,13/2/2022,6386,4949,72
504,2,4/4/2022,9949,1835,38
505,2,26/9/2022,7638,2164,16
506,2,10/1/2022,3736,3165,46
507,1,9/1/2022,2095,2985,22
508,1,9/8/2022,8141,1412,94
509,1,8/7/2022,1382,3504,69
510,1,25/10/2022,9392,4190,14
511,1,26/10/2022,6971,2373,61
512,1,3/12/2022,7843,4341,53
513,1,16/1/2022,7924,1836,72
514,2,10/7/2022,7972,3258,56
515,2,18/6/2022,8866,1780,74
516,2,6/1/2022,8456,1992,40
517,2,13/5/2022,5494,3662,62
518,2,20/12/2022,2326,694,99
519,2,3/1/2022,1106,3771,11
520,1,2/1/2022,4531,1551,9
521,1,31/7/2022,2650,4026,9
522,2,13/12/2022,4689,2014,43
523,1,,,,82
524,1,5/8/2022,2615,3844,66
525,1,27/1/2022,5761,1362,46
526,1,27/12/2022,4940,1940,58
527,2,25/12/2022,7524,4578,75
528,2,23/1/2022,7792,2592,69
529,2,20/12/2022,8894,711,60
530,2,6/8/2022,6122,4146,19
531,1,6/12/2022,7955,4525,90
532,2,5/7/2022,3618,1214,9
533,1,27/8/2022,1474,812,23
534,1,8/8/2022,6824,1846,73
535,2,4/11/2022,4311,2054,65
536,1,6/2/2022,3113,4086,97
537,1,9/7/2022,2530,558,49
538,1,,,,96
539,1,2/6/2022,4699,2868,23
540,1,2/12/2022,2903,2567,34
541,2,8/8/2022,8636,1490,15
542,1,24/2/2022,7402,4921,92
543,2,8/10/2022,1660,2634,51
544,2,9/8/2022,6915,1637,3
545,1,30/6/2022,9878,3476,30
546,2,2/10/2022,3825,2525,76
547,1,22/4/2022,4480,3814,68
548,1,3/10/2022,4310,1553,80
549,2,31/8/2022,8918,3406,61
550,1,29/6/2022,3282,2166,6
551,1,22/12/2022,5633,4411,100
552,1,12/7/2022,6406,1641,32
553,2,11/10/2022,9173,4531,62
554,1,13/9/2022,7335,3739,93
555,2,27/6/2022,4845,2620,15
556,2,16/6/2022,1320,2846,67
557,2,21/9/2022,8522,3316,81
558,1,14/2/2022,7076,2790,84
559,2,31/10/2022,4442,4483,23
560,2,27/4/2022,1209,2253,35
561,2,4/5/2022,6444,2287,47
562,1,24/3/2022,8600,2371,80
563,2,9/11/2022,1416,2372,69
564,1,24/6/2022,2472,4813,52
565,1,24/6/2022,4772,2979,46
566,2,16/7/2022,7513,3913,27
567,2,20/1/2022,6691,535,2
568,1,30/8/2022,7126,4926,90
569,1,2/5/2022,7215,1565,90
570,1,,,,53
571,1,19/6/2022,4985,2695,93
572,1,2/6/2022,8024,502,90
573,1,29/12/2022,1450,4466,91
574,1,9/1/2022,5950,2035,21
575,1,19/5/2022,1478,4986,70
576,2,28/3/2022,3657,4335,98
577,2,21/8/2022,9298,1282,46
578,1,19/7/2022,6148,3944,10
579,2,9/7/2022,3911,2755,34
580,1,10/7/2022,5249,3857,83
581,2,3/9/2022,7582,2645,97
582,2,10/8/2022,1650,844,88
583,1,26/9/2022,1155,3595,73
584,2,28/5/2022,3411,2735,45
585,2,26/2/2022,8399,1549,75
586,1,30/10/2022,2403,1514,90
587,1,3/9/2022,7264,2843,4
588,2,30/10/2022,5663,2446,10
589,2,5/6/2022,4516,4538,43
590,2,6/4/2022,4877,3499,90
591,2,30/9/2022,8718,2994,71
592,1,8/9/2022,2840,1179,51
593,2,26/4/2022,1378,747,6
594,1,22/5/2022,8154,2982,95
595,1,25/8/2022,9390,3410,51
596,2,7/5/2022,7027,4206,54
597,2,5/4/2022,3390,3577,75
598,1,21/1/2022,1829,1413,89
599,2,5/7/2022,8325,3390,47
600,1,19/7/2022,3988,4055,4
601,1,1/1/2022,5206,4936,9
602,1,10/5/2022,3413,1141,18
603,2,16/12/2022,3272,3605,35
604,1,4/9/2022,6078,993,46
605,2,8/8/2022,1467,2170,27
606,1,16/10/2022,8282,629,64
607,2,6/3/2022,7680,3418,31
608,2,24/10/2022,8475,776,52
609,2,25/5/2022,4905,517,83
610,1,,,,37
611,2,19/11/2022,1843,1960,90
612,2,30/1/2022,4709,3405,93
613,1,14/12/2022,2041,3878,66
614,1,12/2/2022,5203,4575,49
615,2,6/8/2022,9140,4437,87
616,2,2/12/2022,6133,4905,49
617,1,25/8/2022,1236,4656,83
618,2,22/8/2022,4437,3295,60
619,1,18/12/2022,4222,1171,13
620,2,30/3/2022,7696,3386,99
621,2,7/9/2022,5470,1093,40
622,1,10/9/2022,3414,1664,53
623,2,19/10/2022,9252,562,26
624,2,3/3/2022,7082,1374,79
625,1,14/9/2022,4262,994,11
626,1,28/6/2022,5261,4820,18
627,2,23/1/2022,8638,896,57
628,1,12/12/2022,3348,1651,13
629,2,24/6/2022,1517,3988,60
630,1,19/7/2022,2106,4704,2
631,1,19/9/2022,5107,2435,47
632,1,7/12/2022,3043,1365,99
633,2,5/11/2022,6808,1385,63
634,2,10/4/2022,3944,572,26
635,1,31/7/2022,3511,571,49
636,2,13/12/2022,3418,1940,30
637,2,23/4/2022,3674,3661,23
638,1,1/9/2022,7814,2155,3
639,2,7/5/2022,7675,3924,25
640,2,,,,14
641,2,26/4/2022,9622,2931,9
642,1,15/4/2022,4798,958,94
643,1,7/6/2022,1794,1311,23
644,2,27/7/2022,6442,2150,48
645,1,27/11/2022,6878,2539,10
646,2,10/9/2022,7909,2226,46
647,1,23/5/2022,9794,937,55
648,1,30/7/2022,1585,3330,5
649,1,14/10/2022,3486,2343,83
650,2,25/7/2022,3212,2590,46
651,2,5/7/2022,2380,1686,17
652,2,27/4/2022,2793,2009,33
653,2,,,,57
654,1,15/12/2022,3260,3170,54
655,1,4/10/2022,7136,704,90
656,1,13/4/2022,5042,4191,48
657,1,3/6/2022,6256,1912,5
658,1,23/3/2022,2880,3646,82
659,2,20/9/2022,9853,938,43
660,1,5/8/2022,9106,2828,57
661,1,21/10/2022,6879,1253,92
662,1,7/10/2022,8395,3306,29
663,1,10/10/2022,2913,2519,20
664,2,24/9/2022,1947,1128,13
665,1,27/11/2022,1971,3587,68
666,2,14/2/2022,6608,4272,70
667,1,20/5/2022,7366,2887,34
668,1,18/6/2022,5539,1036,82
669,2,27/5/2022,2969,1457,10
670,1,14/12/2022,8332,4904,65
671,1,12/11/2022,8986,4815,2
672,1,25/9/2022,4567,1385,9
673,1,11/7/2022,2457,3515,66
674,2,12/4/2022,9343,3001,38
675,1,27/9/2022,2833,1942,58
676,2,26/2/2022,6838,3475,97
677,1,11/11/2022,5331,647,89
678,2,15/10/2022,9624,3450,83
679,2,13/7/2022,7126,3302,1
680,1,20/5/2022,8341,3361,74
681,1,25/12/2022,2170,3852,59
682,2,1/2/2022,3812,2023,64
683,1,3/3/2022,8390,3691,100
684,2,1/9/2022,4511,2801,78
685,2,21/6/2022,2175,3527,4
686,1,11/12/2022,1537,2175,54
687,2,2/9/2022,3744,3576,51
688,1,,,,63
689,1,12/9/2022,1866,1589,43
690,1,11/4/2022,9788,2341,74
691,2,15/6/2022,5503,907,89
692,2,2/4/2022,1275,3319,8
693,1,12/8/2022,3264,3305,37
694,2,2/9/2022,1453,1384,44
695,2,23/2/2022,2747,2019,70
696,2,13/10/2022,7959,3859,34
697,2,27/3/2022,3859,4746,37
698,2,22/9/2022,1623,2456,1
699,1,14/1/2022,7238,1382,50
700,1,15/10/2022,1601,2231,75
701,2,30/4/2022,5788,2718,92
702,2,2/4/2022,8781,2492,97
703,1,23/8/2022,5504,1161,59
704,2,3/10/2022,5257,2038,72
705,2,13/12/2022,2360,3931,72
706,1,4/12/2022,7375,3368,73
707,1,12/2/2022,2893,1525,51
708,2,21/5/2022,3489,3154,47
709,2,2/6/2022,4590,2827,82
710,2,9/4/2022,5580,4121,51
711,2,3/6/2022,8594,4365,23
712,1,10/12/2022,2710,4642,74
713,1,13/3/2022,1967,1413,35
714,1,16/6/2022,1568,3080,54
715,1,11/10/2022,3754,2649,39
716,2,26/9/2022,3284,3492,68
717,2,20/2/2022,3100,809,49
718,2,5/8/2022,7327,4541,81
719,2,21/7/2022,9991,648,67
720,1,17/4/2022,2890,2313,100
721,1,11/9/2022,9880,1410,21
722,1,23/9/2022,4428,1948,28
723,1,18/8/2022,8422,1494,94
724,2,6/11/2022,4281,3713,11
725,1,12/3/2022,7820,3623,50
726,2,,,,70
727,1,19/5/2022,5473,2191,47
728,2,16/2/2022,1546,4839,92
729,1,19/12/2022,1460,4594,94
730,1,12/9/2022,9655,962,29
731,2,14/8/2022,2731,4835,47
732,1,9/12/2022,2428,1864,34
733,1,29/4/2022,9103,4925,84
734,2,11/2/2022,5194,4057,10
735,1,23/5/2022,1823,3293,73
736,1,30/11/2022,8017,2590,92
737,2,7/3/2022,2014,3806,35
738,2,10/12/2022,1494,3719,75
739,1,23/1/2022,1891,2646,30
740,1,9/10/2022,2194,2863,13
741,2,22/2/2022,7793,2853,48
742,1,6/6/2022,7965,1099,45
743,2,11/9/2022,2874,1875,41
744,2,27/5/2022,2131,4180,63
745,1,1/7/2022,4454,3205,29
746,1,,,,8
747,2,8/3/2022,8680,1948,31
748,2,31/7/2022,7010,727,46
749,1,2/10/2022,9057,4422,79
750,2,4/6/2022,2210,612,73
751,1,22/12/2022,6776,4148,57
752,2,25/12/2022,7218,2126,42
753,2,18/10/2022,7109,1250,42
754,1,24/12/2022,8609,1664,49
755,1,21/5/2022,7609,967,62
756,2,12/11/2022,1929,2036,19
757,1,30/5/2022,6567,4579,61
758,2,26/3/2022,5375,3941,9
759,1,6/2/2022,6912,3723,98
760,2,26/4/2022,4117,1963,15
761,1,17/11/2022,7104,3896,81
762,1,27/5/2022,3124,1078,21
763,1,,,,17
764,2,26/8/2022,8565,962,66
765,2,17/12/2022,5592,1576,54
766,2,10/3/2022,5347,3044,17
767,1,10/2/2022,3724,2579,37
768,2,24/11/2022,3880,3598,11
769,1,7/3/2022,4150,2549,91
770,1,4/3/2022,9197,3095,6
771,2,8/12/2022,5951,3005,36
772,2,26/11/2022,5159,2599,19
773,2,1/10/2022,6100,3161,47
774,2,,,,52
775,1,21/3/2022,2035,3401,91
776,2,22/4/2022,2813,1141,80
777,1,19/11/2022,1067,2517,82
778,1,8/11/2022,4532,784,50
779,1,12/1/2022,6417,2124,38
780,1,11/1/2022,3562,2127,90
781,2,6/9/2022,4223,3581,78
782,1,20/3/2022,8557,911,99
783,2,12/11/2022,9822,1551,70
784,1,21/6/2022,7458,3430,57
785,2,18/2/2022,8532,2365,55
786,2,,,,27
787,1,3/6/2022,6938,3972,39
788,1,4/4/2022,3233,2171,83
789,1,29/5/2022,4277,1915,8
790,1,27/7/2022,3081,4890,30
791,2,30/9/2022,3861,1667,20
792,2,5/8/2022,3768,821,87
793,2,11/11/2022,5604,2781,80
794,1,10/3/2022,6128,2044,83
795,1,14/4/2022,9096,2679,41
796,1,15/7/2022,6056,2601,80
797,1,5/10/2022,7353,1021,25
798,1,25/3/2022,2015,1671,44
799,2,17/10/2022,7126,3398,25
800,2,14/10/2022,9725,2461,15
801,2,7/12/2022,4577,4178,27
802,1,11/12/2022,1105,2175,63
803,1,31/1/2022,2198,701,48
804,2,28/4/2022,4596,2867,54
805,1,22/7/2022,3760,1667,66
806,2,15/10/2022,4853,2800,26
807,1,31/7/2022,3005,1345,8
808,1,21/9/2022,9743,1593,56
809,2,30/6/2022,1191,906,69
810,1,24/10/2022,5386,708,90
811,2,2/8/2022,3102,4709,88
812,2,30/9/2022,3901,525,17
813,1,22/12/2022,6304,3534,80
814,1,13/11/2022,7384,798,72
815,1,24/11/2022,9399,1656,23
816,2,17/9/2022,1088,3247,28
817,2,3/4/2022,8671,4273,48
818,1,,,,39
819,2,19/5/2022,2446,3537,8
820,2,17/1/2022,4032,4596,88
821,2,14/5/2022,6424,2898,75
822,1,9/4/2022,3646,1709,89
823,1,28/11/2022,5447,2176,39
824,1,20/5/2022,2790,1489,65
825,1,20/11/2022,4594,697,32
826,2,25/12/2022,2030,3778,72
827,1,30/1/2022,6061,2601,69
828,1,18/8/2022,1321,1566,3
829,2,17/11/2022,8443,4166,75
830,2,13/2/2022,9352,3577,23
831,2,2/6/2022,7431,1900,93
832,1,13/11/2022,2052,4284,56
833,2,,,,42
834,2,30/12/2022,1109,2078,6
835,1,12/8/2022,5092,4420,58
836,2,17/8/2022,2245,2712,79
837,1,26/11/2022,7983,4010,38
838,1,12/5/2022,3752,1917,78
839,2,,,,94
840,1,24/7/2022,1007,1823,59
841,2,28/7/2022,1602,4022,88
842,1,30/1/2022,9940,1807,14
843,1,6/11/2022,7077,2324,75
844,1,7/2/2022,9577,3384,46
845,2,12/2/2022,2994,635,72
846,2,12/10/2022,6406,2647,21
847,1,25/7/2022,3757,4290,100
848,1,3/3/2022,7173,3206,51
849,2,18/6/2022,6447,4759,98
850,1,1/6/2022,6280,924,8
851,2,1/11/2022,8708,4235,93
852,1,23/6/2022,8943,2588,5
853,2,25/3/2022,2351,3612,53
854,2,4/5/2022,3497,4521,83
855,2,26/9/2022,5308,4048,86
856,2,15/3/2022,5560,1167,78
857,1,4/1/2022,5682,3205,1
858,1,14/4/2022,1606,3806,16
859,1,2/5/2022,3958,4677,44
860,1,29/9/2022,4843,4612,6
861,2,21/7/2022,2959,4549,8
862,1,25/7/2022,8164,2693,77
863,1,25/5/2022,8578,1820,82
864,1,11/2/2022,5876,3228,49
865,1,8/4/2022,7331,3532,48
866,2,5/6/2022,6864,4205,14
867,1,26/4/2022,4427,3650,14
868,1,6/12/2022,3326,3616,66
869,2,6/2/2022,1290,3409,60
870,1,28/10/2022,3120,4986,24
871,2,3/6/2022,5233,899,43
872,1,,,,68
873,2,6/2/2022,1024,2420,89
874,1,19/4/2022,2325,3190,88
875,2,25/11/2022,5116,4277,89
876,2,3/11/2022,7635,4431,100
877,1,5/12/2022,6648,2802,50
878,1,5/7/2022,3303,2717,12
879,1,15/3/2022,1562,1648,31
880,2,17/3/2022,9013,3648,27
881,1,25/7/2022,3833,3984,7
882,1,19/9/2022,7122,4576,45
883,2,30/1/2022,4300,1003,86
884,1,21/5/2022,3467,873,27
885,2,18/1/2022,1585,4280,61
886,2,17/4/2022,7640,1076,98
887,2,1/3/2022,3196,532,29
888,1,20/3/2022,5722,1564,84
889,1,27/5/2022,6545,4980,38
890,1,28/11/2022,6847,3889,100
891,1,9/2/2022,8593,2346,46
892,1,13/10/2022,4904,2355,96
893,2,5/6/2022,3777,3017,47
894,1,31/7/2022,5264,1344,25
895,2,6/10/2022,8490,4251,20
896,1,4/11/2022,1363,2306,73
897,1,20/10/2022,7635,3308,46
898,1,10/7/2022,7072,2615,73
899,1,9/4/2022,3219,2042,98
900,2,1/3/2022,9997,1726,41
901,2,13/1/2022,4279,2392,60
902,1,15/11/2022,7699,3227,41
903,2,2/7/2022,3635,2659,44
904,1,21/8/2022,1669,2751,2
905,2,26/11/2022,9857,4812,15
906,1,4/9/2022,6123,2037,21
907,2,26/7/2022,1653,4721,60
908,2,,,,12
909,1,30/7/2022,8839,2709,56
910,2,3/11/2022,8024,653,33
911,2,6/5/2022,3656,3903,33
912,1,24/6/2022,9014,3489,38
913,1,5/4/2022,3621,2845,77
914,1,21/4/2022,7014,872,98
915,2,20/5/2022,3409,3992,35
916,2,30/7/2022,1855,4654,71
917,2,5/3/2022,3087,2136,97
918,2,28/12/2022,3962,4276,12
919,2,21/10/2022,4202,627,80
920,2,7/3/2022,1681,4126,93
921,2,19/1/2022,7706,3003,100
922,1,7/7/2022,3311,3806,80
923,1,21/9/2022,8993,3465,43
924,1,5/11/2022,3978,947,37
925,1,2/10/2022,2553,3533,39
926,1,29/3/2022,4390,2199,62
927,2,15/3/2022,2218,4158,29
928,2,18/9/2022,9190,1103,87
929,1,29/10/2022,4037,4687,85
930,1,10/3/2022,3848,1336,71
931,1,22/6/2022,1053,2817,72
932,2,30/7/2022,6871,1148,62
933,1,28/5/2022,9213,2201,65
934,2,7/2/2022,7607,1198,26
935,2,4/8/2022,1907,914,59
936,2,2/4/2022,3891,3588,43
937,2,9/10/2022,7089,985,74
938,1,29/6/2022,8934,1354,49
939,1,12/9/2022,4603,4181,65
940,1,2/11/2022,6151,1547,2
941,1,19/1/2022,9943,1199,81
942,1,19/3/2022,6564,4948,87
943,2,4/6/2022,2797,2886,99
944,2,7/12/2022,6592,945,49
945,1,20/9/2022,5684,3687,93
946,2,24/6/2022,9822,2166,47
947,2,22/8/2022,6825,903,11
948,2,12/5/2022,6855,3339,39
949,1,22/5/2022,1498,2595,35
950,2,24/5/2022,3880,3100,33
951,2,13/3/2022,9865,3450,45
952,2,2/6/2022,1759,4948,8
953,1,15/7/2022,8354,1572,3
954,1,31/3/2022,9151,3732,20
955,1,30/8/2022,9653,899,31
956,2,29/8/2022,1056,1175,17
957,1,20/9/2022,3878,2717,60
958,2,20/1/2022,8438,1439,81
959,1,20/8/2022,3393,4710,34
960,1,15/8/2022,9503,516,96
961,1,5/9/2022,5018,2603,5
962,1,7/4/2022,1857,4384,42
963,2,23/7/2022,9878,4613,66
964,1,4/4/2022,8114,1263,10
965,1,27/3/2022,4657,4102,28
966,2,13/12/2022,6512,994,79
967,2,16/10/2022,2989,1693,97
968,1,27/12/2022,8770,1430,71
969,2,2/7/2022,5819,2322,39
970,1,,,,29
971,2,4/8/2022,2764,2017,14
972,1,8/11/2022,5875,2965,2
973,1,5/12/2022,6729,2981,99
974,2,13/4/2022,1770,916,46
975,1,31/5/2022,4309,4389,14
976,1,21/3/2022,6405,4234,62
977,2,28/4/2022,7799,3753,15
978,1,30/7/2022,2692,650,20
979,2,29/3/2022,8163,3433,13
980,1,11/11/2022,5053,3410,82
981,1,14/2/2022,3841,3549,26
982,2,7/6/2022,2657,1031,25
983,2,14/3/2022,9511,4494,89
984,1,19/6/2022,4504,4050,88
985,1,26/3/2022,3713,2708,68
986,2,25/1/2022,9221,4412,31
987,2,6/5/2022,2520,4303,52
988,1,10/2/2022,2046,1252,79
989,2,26/3/2022,2339,4556,71
990,1,26/11/2022,1896,1374,7
991,1,11/9/2022,3083,2235,43
992,1,21/12/2022,8849,1530,35
993,1,25/1/2022,4714,3800,91
994,2,6/4/2022,9103,4571,36
995,2,15/8/2022,2438,3651,14
996,2,19/12/2022,7727,821,99
997,2,7/9/2022,7203,2291,77
998,2,28/4/2022,9550,3921,78
999,2,26/9/2022,5817,4499,23
1000,1,28/6/2022,6332,1599,67
